# ID(s) interactor A	ID(s) interactor B	Alt. ID(s) interactor A	Alt. ID(s) interactor B	Alias(es) interactor A	Alias(es) interactor B	Interaction detection method(s)	Publication 1st author(s)	Publication Identifier(s)	Taxid interactor A	Taxid interactor B	Interaction type(s)	Source database(s)	Interaction identifier(s)	Confidence value(s)
uniprotkb:P0C745	uniprotkb:Q8N1K5	uniprotkb:P0C745|intact:EBI-16218595	uniprotkb:Q5T3C4|uniprotkb:B3KT31|uniprotkb:Q5T3C5|uniprotkb:A1L4F0|uniprotkb:B3KY07|uniprotkb:A8K7N1|uniprotkb:Q6MZT7|uniprotkb:B3KW32|uniprotkb:F5H1J9|ensembl:ENSP00000357231.2|ensembl:ENSP00000357233.2|ensembl:ENSP00000480630.2|ensembl:ENSP00000480967.1|intact:EBI-2873538|uniprotkb:Q8N1K5	psi-mi:hbz_htl1c(display_short)|psi-mi:HTLV-1 basic zipper factor(display_long)|uniprotkb:HBZ(gene name)	psi-mi:thms1_human(display_short)|psi-mi:Protein THEMIS(display_long)|uniprotkb:THEMIS(gene name)|uniprotkb:Thymocyte-expressed molecule involved in selection(gene name synonym)|uniprotkb:C6orf207(gene name synonym)|uniprotkb:C6orf190(gene name synonym)	psi-mi:"MI:0007"(anti tag coimmunoprecipitation)	Kinosada H. et al.(2017)	intact:EBI-15105779|pubmed:28046066|imex:IM-26208	taxid:11927(htl1c)|taxid:11927("Human T-cell leukemia virus 1 (isolate Caribbea HS-35 subtype A)")	taxid:9606(human)|taxid:9606(Homo sapiens)	psi-mi:"MI:0915"(physical association)	psi-mi:"MI:0469"(European Bioinformatics Institute)	intact:EBI-16218586|imex:IM-26208-3	intact-miscore:0.54
uniprotkb:Q8N1K5	uniprotkb:P0C745	uniprotkb:Q5T3C4|uniprotkb:B3KT31|uniprotkb:Q5T3C5|uniprotkb:A1L4F0|uniprotkb:B3KY07|uniprotkb:A8K7N1|uniprotkb:Q6MZT7|uniprotkb:B3KW32|uniprotkb:F5H1J9|ensembl:ENSP00000357231.2|ensembl:ENSP00000357233.2|ensembl:ENSP00000480630.2|ensembl:ENSP00000480967.1|intact:EBI-2873538|uniprotkb:Q8N1K5	uniprotkb:P0C745|intact:EBI-16218595	psi-mi:thms1_human(display_short)|psi-mi:Protein THEMIS(display_long)|uniprotkb:THEMIS(gene name)|uniprotkb:Thymocyte-expressed molecule involved in selection(gene name synonym)|uniprotkb:C6orf207(gene name synonym)|uniprotkb:C6orf190(gene name synonym)	psi-mi:hbz_htl1c(display_short)|psi-mi:HTLV-1 basic zipper factor(display_long)|uniprotkb:HBZ(gene name)	psi-mi:"MI:0007"(anti tag coimmunoprecipitation)	Kinosada H. et al.(2017)	intact:EBI-15105779|pubmed:28046066|imex:IM-26208	taxid:9606(human)|taxid:9606(Homo sapiens)	taxid:11927(htl1c)|taxid:11927("Human T-cell leukemia virus 1 (isolate Caribbea HS-35 subtype A)")	psi-mi:"MI:0914"(association)	psi-mi:"MI:0469"(European Bioinformatics Institute)	intact:EBI-16219142|imex:IM-26208-7	intact-miscore:0.54
uniprotkb:P0C745	uniprotkb:Q8N1K5	uniprotkb:P0C745|intact:EBI-16218595	uniprotkb:Q5T3C4|uniprotkb:B3KT31|uniprotkb:Q5T3C5|uniprotkb:A1L4F0|uniprotkb:B3KY07|uniprotkb:A8K7N1|uniprotkb:Q6MZT7|uniprotkb:B3KW32|uniprotkb:F5H1J9|ensembl:ENSP00000357231.2|ensembl:ENSP00000357233.2|ensembl:ENSP00000480630.2|ensembl:ENSP00000480967.1|intact:EBI-2873538|uniprotkb:Q8N1K5	psi-mi:hbz_htl1c(display_short)|psi-mi:HTLV-1 basic zipper factor(display_long)|uniprotkb:HBZ(gene name)	psi-mi:thms1_human(display_short)|psi-mi:Protein THEMIS(display_long)|uniprotkb:THEMIS(gene name)|uniprotkb:Thymocyte-expressed molecule involved in selection(gene name synonym)|uniprotkb:C6orf207(gene name synonym)|uniprotkb:C6orf190(gene name synonym)	psi-mi:"MI:0663"(confocal microscopy)	Kinosada H. et al.(2017)	intact:EBI-15105779|pubmed:28046066|imex:IM-26208	taxid:11927(htl1c)|taxid:11927("Human T-cell leukemia virus 1 (isolate Caribbea HS-35 subtype A)")	taxid:9606(human)|taxid:9606(Homo sapiens)	psi-mi:"MI:0403"(colocalization)	psi-mi:"MI:0469"(European Bioinformatics Institute)	intact:EBI-16226313|imex:IM-26208-11	intact-miscore:0.54
uniprotkb:P14079	uniprotkb:Q6PF05	uniprotkb:O56231|intact:EBI-9675698|uniprotkb:P14079	ensembl:ENSP00000422188.1|uniprotkb:Q96LJ2|intact:MINT-8163808|uniprotkb:Q6RGS4|uniprotkb:Q8N7R3|uniprotkb:G8IJH6|intact:EBI-8656864|uniprotkb:Q6PF05	psi-mi:tax_htl1c(display_short)|psi-mi:Protein Tax-1(display_long)|uniprotkb:Protein X-LOR(gene name synonym)|uniprotkb:Trans-activating transcriptional regulatory protein of HTLV-1(gene name synonym)|uniprotkb:tax(gene name)	psi-mi:tt23l_human(display_short)|psi-mi:Tetratricopeptide repeat protein 23-like(display_long)|uniprotkb:TTC23L(gene name)	psi-mi:"MI:0231"(mammalian protein protein interaction trap)	Simonis N. et al.(2012)	intact:EBI-9675518|pubmed:22458338|imex:IM-22977	taxid:11927(htl1c)|taxid:11927("Human T-cell leukemia virus 1 (isolate Caribbea HS-35 subtype A)")	taxid:9606(human)|taxid:9606(Homo sapiens)	psi-mi:"MI:0915"(physical association)	psi-mi:"MI:0471"(MINT, Dpt of Biology, University of Rome Tor Vergata)	intact:EBI-9677391|imex:IM-22977-346	intact-miscore:0.56
uniprotkb:Q9H4K1	uniprotkb:P14079	uniprotkb:Q6ICD0|uniprotkb:Q9Y413|ensembl:ENSP00000483356.1|uniprotkb:A0A087X0F7|intact:EBI-740128|uniprotkb:Q9H4K1	uniprotkb:O56231|intact:EBI-9675698|uniprotkb:P14079	psi-mi:ribc2_human(display_short)|psi-mi:RIB43A-like with coiled-coils protein 2(display_long)|uniprotkb:C22orf11(gene name synonym)|uniprotkb:RIBC2(gene name)	psi-mi:tax_htl1c(display_short)|psi-mi:Protein Tax-1(display_long)|uniprotkb:Protein X-LOR(gene name synonym)|uniprotkb:Trans-activating transcriptional regulatory protein of HTLV-1(gene name synonym)|uniprotkb:tax(gene name)	psi-mi:"MI:0231"(mammalian protein protein interaction trap)	Simonis N. et al.(2012)	intact:EBI-9675518|pubmed:22458338|imex:IM-22977	taxid:9606(human)|taxid:9606(Homo sapiens)	taxid:11927(htl1c)|taxid:11927("Human T-cell leukemia virus 1 (isolate Caribbea HS-35 subtype A)")	psi-mi:"MI:0915"(physical association)	psi-mi:"MI:0471"(MINT, Dpt of Biology, University of Rome Tor Vergata)	intact:EBI-9677411|imex:IM-22977-350	intact-miscore:0.56
uniprotkb:Q8N883	uniprotkb:P14079	uniprotkb:Q8TCF4|uniprotkb:Q494T8|uniprotkb:Q9BSN8|ensembl:ENSP00000270649.5|intact:EBI-9675993|uniprotkb:Q8N883	uniprotkb:O56231|intact:EBI-9675698|uniprotkb:P14079	psi-mi:zn614_human(display_short)|psi-mi:Zinc finger protein 614(display_long)|uniprotkb:ZNF614(gene name)	psi-mi:tax_htl1c(display_short)|psi-mi:Protein Tax-1(display_long)|uniprotkb:Protein X-LOR(gene name synonym)|uniprotkb:Trans-activating transcriptional regulatory protein of HTLV-1(gene name synonym)|uniprotkb:tax(gene name)	psi-mi:"MI:0231"(mammalian protein protein interaction trap)	Simonis N. et al.(2012)	intact:EBI-9675518|pubmed:22458338|imex:IM-22977	taxid:9606(human)|taxid:9606(Homo sapiens)	taxid:11927(htl1c)|taxid:11927("Human T-cell leukemia virus 1 (isolate Caribbea HS-35 subtype A)")	psi-mi:"MI:0915"(physical association)	psi-mi:"MI:0471"(MINT, Dpt of Biology, University of Rome Tor Vergata)	intact:EBI-9677461|imex:IM-22977-360	intact-miscore:0.56
uniprotkb:P14079	uniprotkb:Q9BY27	uniprotkb:O56231|intact:EBI-9675698|uniprotkb:P14079	uniprotkb:Q9BW33|uniprotkb:A8K1N7|uniprotkb:D3DX29|uniprotkb:B3KMC0|ensembl:ENSP00000248879.2|intact:EBI-742953|uniprotkb:Q9BY27	psi-mi:tax_htl1c(display_short)|psi-mi:Protein Tax-1(display_long)|uniprotkb:Protein X-LOR(gene name synonym)|uniprotkb:Trans-activating transcriptional regulatory protein of HTLV-1(gene name synonym)|uniprotkb:tax(gene name)	psi-mi:dgc6l_human(display_short)|psi-mi:Protein DGCR6L(display_long)|uniprotkb:DiGeorge syndrome critical region 6-like protein(gene name synonym)|uniprotkb:DGCR6L(gene name)	psi-mi:"MI:0231"(mammalian protein protein interaction trap)	Simonis N. et al.(2012)	intact:EBI-9675518|pubmed:22458338|imex:IM-22977	taxid:11927(htl1c)|taxid:11927("Human T-cell leukemia virus 1 (isolate Caribbea HS-35 subtype A)")	taxid:9606(human)|taxid:9606(Homo sapiens)	psi-mi:"MI:0915"(physical association)	psi-mi:"MI:0471"(MINT, Dpt of Biology, University of Rome Tor Vergata)	intact:EBI-9677481|imex:IM-22977-364	intact-miscore:0.56
uniprotkb:Q969F0	uniprotkb:P14079	ensembl:ENSP00000359375.3|intact:EBI-743099|uniprotkb:Q969F0	uniprotkb:O56231|intact:EBI-9675698|uniprotkb:P14079	psi-mi:fate1_human(display_short)|psi-mi:Fetal and adult testis-expressed transcript protein(display_long)|uniprotkb:Tumor antigen BJ-HCC-2(gene name synonym)|uniprotkb:Cancer/testis antigen 43(gene name synonym)|uniprotkb:FATE(gene name synonym)|uniprotkb:FATE1(gene name)	psi-mi:tax_htl1c(display_short)|psi-mi:Protein Tax-1(display_long)|uniprotkb:Protein X-LOR(gene name synonym)|uniprotkb:Trans-activating transcriptional regulatory protein of HTLV-1(gene name synonym)|uniprotkb:tax(gene name)	psi-mi:"MI:0231"(mammalian protein protein interaction trap)	Simonis N. et al.(2012)	intact:EBI-9675518|pubmed:22458338|imex:IM-22977	taxid:9606(human)|taxid:9606(Homo sapiens)	taxid:11927(htl1c)|taxid:11927("Human T-cell leukemia virus 1 (isolate Caribbea HS-35 subtype A)")	psi-mi:"MI:0915"(physical association)	psi-mi:"MI:0471"(MINT, Dpt of Biology, University of Rome Tor Vergata)	intact:EBI-9677491|imex:IM-22977-366	intact-miscore:0.56
uniprotkb:P14079	uniprotkb:Q969H6	uniprotkb:O56231|intact:EBI-9675698|uniprotkb:P14079	uniprotkb:Q53FS5|uniprotkb:Q9Y2Q6|uniprotkb:A6NL80|ensembl:ENSP00000350098.4|intact:EBI-366525|uniprotkb:Q969H6	psi-mi:tax_htl1c(display_short)|psi-mi:Protein Tax-1(display_long)|uniprotkb:Protein X-LOR(gene name synonym)|uniprotkb:Trans-activating transcriptional regulatory protein of HTLV-1(gene name synonym)|uniprotkb:tax(gene name)	psi-mi:pop5_human(display_short)|psi-mi:Ribonuclease P/MRP protein subunit POP5(display_long)|uniprotkb:POP5(gene name)|uniprotkb:x0003(orf name)|uniprotkb:AD-008(orf name)|uniprotkb:HSPC004(orf name)	psi-mi:"MI:0231"(mammalian protein protein interaction trap)	Simonis N. et al.(2012)	intact:EBI-9675518|pubmed:22458338|imex:IM-22977	taxid:11927(htl1c)|taxid:11927("Human T-cell leukemia virus 1 (isolate Caribbea HS-35 subtype A)")	taxid:9606(human)|taxid:9606(Homo sapiens)	psi-mi:"MI:0915"(physical association)	psi-mi:"MI:0471"(MINT, Dpt of Biology, University of Rome Tor Vergata)	intact:EBI-9677441|imex:IM-22977-356	intact-miscore:0.56
uniprotkb:P14079	uniprotkb:Q6ZVK8	uniprotkb:O56231|intact:EBI-9675698|uniprotkb:P14079	intact:EBI-954151|uniprotkb:Q9H687|uniprotkb:Q8IZ75|ensembl:ENSP00000480722.1|intact:EBI-740486|uniprotkb:Q6ZVK8	psi-mi:tax_htl1c(display_short)|psi-mi:Protein Tax-1(display_long)|uniprotkb:Protein X-LOR(gene name synonym)|uniprotkb:Trans-activating transcriptional regulatory protein of HTLV-1(gene name synonym)|uniprotkb:tax(gene name)	psi-mi:nud18_human(display_short)|psi-mi:8-oxo-dGDP phosphatase NUDT18(display_long)|uniprotkb:2-hydroxy-dADP phosphatase(gene name synonym)|uniprotkb:7,8-dihydro-8-oxoguanine phosphatase(gene name synonym)|uniprotkb:MTH3(gene name synonym)|uniprotkb:MutT homolog 3(gene name synonym)|uniprotkb:Nucleoside diphosphate-linked moiety X motif 18(gene name synonym)|uniprotkb:NUDT18(gene name)	psi-mi:"MI:0231"(mammalian protein protein interaction trap)	Simonis N. et al.(2012)	intact:EBI-9675518|pubmed:22458338|imex:IM-22977	taxid:11927(htl1c)|taxid:11927("Human T-cell leukemia virus 1 (isolate Caribbea HS-35 subtype A)")	taxid:9606(human)|taxid:9606(Homo sapiens)	psi-mi:"MI:0915"(physical association)	psi-mi:"MI:0471"(MINT, Dpt of Biology, University of Rome Tor Vergata)	intact:EBI-9677466|imex:IM-22977-361	intact-miscore:0.56
uniprotkb:P14079	uniprotkb:Q92546	uniprotkb:O56231|intact:EBI-9675698|uniprotkb:P14079	uniprotkb:Q5TCV5|ensembl:ENSP00000367318.4|intact:EBI-2823702|uniprotkb:Q92546	psi-mi:tax_htl1c(display_short)|psi-mi:Protein Tax-1(display_long)|uniprotkb:Protein X-LOR(gene name synonym)|uniprotkb:Trans-activating transcriptional regulatory protein of HTLV-1(gene name synonym)|uniprotkb:tax(gene name)	psi-mi:rgp1_human(display_short)|psi-mi:RAB6A-GEF complex partner protein 2(display_long)|uniprotkb:RGP1(gene name)|uniprotkb:KIAA0258(gene name synonym)|uniprotkb:Retrograde Golgi transport protein RGP1 homolog(gene name synonym)	psi-mi:"MI:0231"(mammalian protein protein interaction trap)	Simonis N. et al.(2012)	intact:EBI-9675518|pubmed:22458338|imex:IM-22977	taxid:11927(htl1c)|taxid:11927("Human T-cell leukemia virus 1 (isolate Caribbea HS-35 subtype A)")	taxid:9606(human)|taxid:9606(Homo sapiens)	psi-mi:"MI:0915"(physical association)	psi-mi:"MI:0471"(MINT, Dpt of Biology, University of Rome Tor Vergata)	intact:EBI-9677496|imex:IM-22977-367	intact-miscore:0.56
uniprotkb:P14079	uniprotkb:Q5T8I9	uniprotkb:O56231|intact:EBI-9675698|uniprotkb:P14079	uniprotkb:Q96NN0|uniprotkb:B1AM16|uniprotkb:B1AM17|uniprotkb:Q96EJ7|uniprotkb:A8MRR6|ensembl:ENSP00000359049.5|ensembl:ENSP00000385655.1|ensembl:ENSP00000499017.1|intact:EBI-9675710|uniprotkb:Q5T8I9	psi-mi:tax_htl1c(display_short)|psi-mi:Protein Tax-1(display_long)|uniprotkb:Protein X-LOR(gene name synonym)|uniprotkb:Trans-activating transcriptional regulatory protein of HTLV-1(gene name synonym)|uniprotkb:tax(gene name)	psi-mi:henmt_human(display_short)|psi-mi:Small RNA 2'-O-methyltransferase(display_long)|uniprotkb:HENMT1(gene name)|uniprotkb:HEN1 methyltransferase homolog 1(gene name synonym)|uniprotkb:C1orf59(gene name synonym)	psi-mi:"MI:0231"(mammalian protein protein interaction trap)	Simonis N. et al.(2012)	intact:EBI-9675518|pubmed:22458338|imex:IM-22977	taxid:11927(htl1c)|taxid:11927("Human T-cell leukemia virus 1 (isolate Caribbea HS-35 subtype A)")	taxid:9606(human)|taxid:9606(Homo sapiens)	psi-mi:"MI:0915"(physical association)	psi-mi:"MI:0471"(MINT, Dpt of Biology, University of Rome Tor Vergata)	intact:EBI-9677386|imex:IM-22977-345	intact-miscore:0.56
uniprotkb:P14079	uniprotkb:P19013	uniprotkb:O56231|intact:EBI-9675698|uniprotkb:P14079	uniprotkb:Q6GTR8|uniprotkb:Q96LA7|uniprotkb:Q9BTL1|intact:EBI-22121113|uniprotkb:B4DRS2|uniprotkb:F8VS64|intact:EBI-22010019|intact:EBI-28973341|ensembl:ENSP00000448220.1|intact:EBI-2371606|uniprotkb:P19013	psi-mi:tax_htl1c(display_short)|psi-mi:Protein Tax-1(display_long)|uniprotkb:Protein X-LOR(gene name synonym)|uniprotkb:Trans-activating transcriptional regulatory protein of HTLV-1(gene name synonym)|uniprotkb:tax(gene name)	psi-mi:k2c4_human(display_short)|psi-mi:Keratin, type II cytoskeletal 4(display_long)|uniprotkb:KRT4(gene name)|uniprotkb:Type-II keratin Kb4(gene name synonym)|uniprotkb:Keratin-4(gene name synonym)|uniprotkb:Cytokeratin-4(gene name synonym)|uniprotkb:CYK4(gene name synonym)	psi-mi:"MI:0231"(mammalian protein protein interaction trap)	Simonis N. et al.(2012)	intact:EBI-9675518|pubmed:22458338|imex:IM-22977	taxid:11927(htl1c)|taxid:11927("Human T-cell leukemia virus 1 (isolate Caribbea HS-35 subtype A)")	taxid:9606(human)|taxid:9606(Homo sapiens)	psi-mi:"MI:0915"(physical association)	psi-mi:"MI:0471"(MINT, Dpt of Biology, University of Rome Tor Vergata)	intact:EBI-9677421|imex:IM-22977-352	intact-miscore:0.56
uniprotkb:P14079	uniprotkb:P19012	uniprotkb:O56231|intact:EBI-9675698|uniprotkb:P14079	uniprotkb:Q53XV8|uniprotkb:Q9BUG4|uniprotkb:B3KQY1|uniprotkb:B3KRA2|uniprotkb:E0CX14|ensembl:ENSP00000254043.3|ensembl:ENSP00000377546.1|intact:EBI-739566|uniprotkb:P19012	psi-mi:tax_htl1c(display_short)|psi-mi:Protein Tax-1(display_long)|uniprotkb:Protein X-LOR(gene name synonym)|uniprotkb:Trans-activating transcriptional regulatory protein of HTLV-1(gene name synonym)|uniprotkb:tax(gene name)	psi-mi:k1c15_human(display_short)|psi-mi:Keratin, type I cytoskeletal 15(display_long)|uniprotkb:KRT15(gene name)|uniprotkb:Keratin-15(gene name synonym)|uniprotkb:Cytokeratin-15(gene name synonym)|uniprotkb:KRTB(gene name synonym)	psi-mi:"MI:0231"(mammalian protein protein interaction trap)	Simonis N. et al.(2012)	intact:EBI-9675518|pubmed:22458338|imex:IM-22977	taxid:11927(htl1c)|taxid:11927("Human T-cell leukemia virus 1 (isolate Caribbea HS-35 subtype A)")	taxid:9606(human)|taxid:9606(Homo sapiens)	psi-mi:"MI:0915"(physical association)	psi-mi:"MI:0471"(MINT, Dpt of Biology, University of Rome Tor Vergata)	intact:EBI-9677431|imex:IM-22977-354	intact-miscore:0.56
uniprotkb:P14079	uniprotkb:P78560	uniprotkb:O56231|intact:EBI-9675698|uniprotkb:P14079	ensembl:ENSP00000327647.3|ensembl:ENSP00000439068.2|uniprotkb:B7Z2Q5|intact:EBI-520375|uniprotkb:P78560	psi-mi:tax_htl1c(display_short)|psi-mi:Protein Tax-1(display_long)|uniprotkb:Protein X-LOR(gene name synonym)|uniprotkb:Trans-activating transcriptional regulatory protein of HTLV-1(gene name synonym)|uniprotkb:tax(gene name)	psi-mi:cradd_human(display_short)|psi-mi:Death domain-containing protein CRADD(display_long)|uniprotkb:CRADD(gene name)|uniprotkb:RAIDD(gene name synonym)|uniprotkb:RIP-associated protein with a death domain(gene name synonym)|uniprotkb:Caspase and RIP adapter with death domain(gene name synonym)	psi-mi:"MI:0231"(mammalian protein protein interaction trap)	Simonis N. et al.(2012)	intact:EBI-9675518|pubmed:22458338|imex:IM-22977	taxid:11927(htl1c)|taxid:11927("Human T-cell leukemia virus 1 (isolate Caribbea HS-35 subtype A)")	taxid:9606(human)|taxid:9606(Homo sapiens)	psi-mi:"MI:0915"(physical association)	psi-mi:"MI:0471"(MINT, Dpt of Biology, University of Rome Tor Vergata)	intact:EBI-9677486|imex:IM-22977-365	intact-miscore:0.56
uniprotkb:O14595	uniprotkb:P14079	uniprotkb:Q6NZY3|uniprotkb:Q9UEX1|uniprotkb:A8K5H4|uniprotkb:Q53ZR2|ensembl:ENSP00000381148.2|intact:EBI-2802973|uniprotkb:O14595	uniprotkb:O56231|intact:EBI-9675698|uniprotkb:P14079	psi-mi:ctds2_human(display_short)|psi-mi:Carboxy-terminal domain RNA polymerase II polypeptide A small phosphatase 2(display_long)|uniprotkb:CTDSP2(gene name)|uniprotkb:Small CTD phosphatase 2(gene name synonym)|uniprotkb:Small C-terminal domain phosphatase 2(gene name synonym)|uniprotkb:Protein OS-4(gene name synonym)|uniprotkb:Nuclear LIM interactor-interacting factor 2(gene name synonym)|uniprotkb:SCP2(gene name synonym)|uniprotkb:OS4(gene name synonym)|uniprotkb:NIF2(gene name synonym)	psi-mi:tax_htl1c(display_short)|psi-mi:Protein Tax-1(display_long)|uniprotkb:Protein X-LOR(gene name synonym)|uniprotkb:Trans-activating transcriptional regulatory protein of HTLV-1(gene name synonym)|uniprotkb:tax(gene name)	psi-mi:"MI:0231"(mammalian protein protein interaction trap)	Simonis N. et al.(2012)	intact:EBI-9675518|pubmed:22458338|imex:IM-22977	taxid:9606(human)|taxid:9606(Homo sapiens)	taxid:11927(htl1c)|taxid:11927("Human T-cell leukemia virus 1 (isolate Caribbea HS-35 subtype A)")	psi-mi:"MI:0915"(physical association)	psi-mi:"MI:0471"(MINT, Dpt of Biology, University of Rome Tor Vergata)	intact:EBI-9677381|imex:IM-22977-344	intact-miscore:0.56
uniprotkb:O15287	uniprotkb:P14079	ensembl:ENSP00000367910.4|ensembl:ENSP00000409607.2|intact:EBI-81610|uniprotkb:O15287	uniprotkb:O56231|intact:EBI-9675698|uniprotkb:P14079	psi-mi:fancg_human(display_short)|psi-mi:Fanconi anemia group G protein(display_long)|uniprotkb:FANCG(gene name)|uniprotkb:DNA repair protein XRCC9(gene name synonym)|uniprotkb:XRCC9(gene name synonym)	psi-mi:tax_htl1c(display_short)|psi-mi:Protein Tax-1(display_long)|uniprotkb:Protein X-LOR(gene name synonym)|uniprotkb:Trans-activating transcriptional regulatory protein of HTLV-1(gene name synonym)|uniprotkb:tax(gene name)	psi-mi:"MI:0231"(mammalian protein protein interaction trap)	Simonis N. et al.(2012)	intact:EBI-9675518|pubmed:22458338|imex:IM-22977	taxid:9606(human)|taxid:9606(Homo sapiens)	taxid:11927(htl1c)|taxid:11927("Human T-cell leukemia virus 1 (isolate Caribbea HS-35 subtype A)")	psi-mi:"MI:0915"(physical association)	psi-mi:"MI:0471"(MINT, Dpt of Biology, University of Rome Tor Vergata)	intact:EBI-9677401|imex:IM-22977-348	intact-miscore:0.56
uniprotkb:Q53HC0	uniprotkb:P14079	uniprotkb:Q9H697|uniprotkb:B3KNQ0|ensembl:ENSP00000238156.3|ensembl:ENSP00000488830.1|intact:EBI-719994|uniprotkb:Q53HC0	uniprotkb:O56231|intact:EBI-9675698|uniprotkb:P14079	psi-mi:ccd92_human(display_short)|psi-mi:Coiled-coil domain-containing protein 92(display_long)|uniprotkb:CCDC92(gene name)|uniprotkb:Limkain beta-2(gene name synonym)	psi-mi:tax_htl1c(display_short)|psi-mi:Protein Tax-1(display_long)|uniprotkb:Protein X-LOR(gene name synonym)|uniprotkb:Trans-activating transcriptional regulatory protein of HTLV-1(gene name synonym)|uniprotkb:tax(gene name)	psi-mi:"MI:0231"(mammalian protein protein interaction trap)	Simonis N. et al.(2012)	intact:EBI-9675518|pubmed:22458338|imex:IM-22977	taxid:9606(human)|taxid:9606(Homo sapiens)	taxid:11927(htl1c)|taxid:11927("Human T-cell leukemia virus 1 (isolate Caribbea HS-35 subtype A)")	psi-mi:"MI:0915"(physical association)	psi-mi:"MI:0471"(MINT, Dpt of Biology, University of Rome Tor Vergata)	intact:EBI-9677471|imex:IM-22977-362	intact-miscore:0.56
uniprotkb:P03409	uniprotkb:Q01085	intact:EBI-5236464|uniprotkb:P03409	uniprotkb:A8K3T0|ensembl:ENSP00000394902.2|uniprotkb:A8K4L9|intact:EBI-2820828|uniprotkb:Q01085	psi-mi:tax_htl1a(display_short)|psi-mi:Protein Tax-1(display_long)|uniprotkb:tax(gene name)|uniprotkb:Trans-activating transcriptional regulatory protein of HTLV-1(gene name synonym)|uniprotkb:Protein X-LOR(gene name synonym)	psi-mi:tiar_human(display_short)|psi-mi:Nucleolysin TIAR(display_long)|uniprotkb:TIAL1(gene name)|uniprotkb:TIA-1-related protein(gene name synonym)	psi-mi:"MI:0663"(confocal microscopy)	Legros S. et al.(2011)	intact:EBI-5236440|pubmed:21532619|imex:IM-16597	taxid:11926(htl1a)|taxid:11926("Human T-cell leukemia virus 1 (strain Japan ATK-1 subtype A)")	taxid:9606(human)|taxid:9606(Homo sapiens)	psi-mi:"MI:0403"(colocalization)	psi-mi:"MI:1262"(I2D)	intact:EBI-5236463|imex:IM-16597-1	intact-miscore:0.27
uniprotkb:P14079	uniprotkb:P43268	uniprotkb:O56231|intact:EBI-9675698|uniprotkb:P14079	uniprotkb:B7Z5J3|uniprotkb:B7Z9J6|uniprotkb:Q96AW9|uniprotkb:A8K314|ensembl:ENSP00000321835.4|ensembl:ENSP00000377273.1|ensembl:ENSP00000465718.1|intact:EBI-6447147|uniprotkb:P43268	psi-mi:tax_htl1c(display_short)|psi-mi:Protein Tax-1(display_long)|uniprotkb:Protein X-LOR(gene name synonym)|uniprotkb:Trans-activating transcriptional regulatory protein of HTLV-1(gene name synonym)|uniprotkb:tax(gene name)	psi-mi:etv4_human(display_short)|psi-mi:ETS translocation variant 4(display_long)|uniprotkb:Etv4(gene name)|uniprotkb:Polyomavirus enhancer activator 3 homolog(gene name synonym)|uniprotkb:Pea3(gene name synonym)|uniprotkb:E1AF(gene name synonym)|uniprotkb:E1A-F(gene name synonym)|uniprotkb:Adenovirus E1A enhancer-binding protein(gene name synonym)	psi-mi:"MI:0231"(mammalian protein protein interaction trap)	Simonis N. et al.(2012)	intact:EBI-9675518|pubmed:22458338|imex:IM-22977	taxid:11927(htl1c)|taxid:11927("Human T-cell leukemia virus 1 (isolate Caribbea HS-35 subtype A)")	taxid:9606(human)|taxid:9606(Homo sapiens)	psi-mi:"MI:0915"(physical association)	psi-mi:"MI:0471"(MINT, Dpt of Biology, University of Rome Tor Vergata)	intact:EBI-9677396|imex:IM-22977-347	intact-miscore:0.56
uniprotkb:P14079	uniprotkb:Q33E94	uniprotkb:O56231|intact:EBI-9675698|uniprotkb:P14079	uniprotkb:Q33DW7|uniprotkb:Q8SNA1|uniprotkb:Q33E95|uniprotkb:Q8NDF9|uniprotkb:B2RDW4|uniprotkb:Q96S80|uniprotkb:Q6YM53|uniprotkb:A8K5Y0|uniprotkb:Q8NC78|uniprotkb:Q33DW6|uniprotkb:Q9BXI0|uniprotkb:Q8MHQ1|ensembl:ENSP00000376585.1|intact:EBI-9675925|uniprotkb:Q33E94	psi-mi:tax_htl1c(display_short)|psi-mi:Protein Tax-1(display_long)|uniprotkb:Protein X-LOR(gene name synonym)|uniprotkb:Trans-activating transcriptional regulatory protein of HTLV-1(gene name synonym)|uniprotkb:tax(gene name)	psi-mi:rfx4_human(display_short)|psi-mi:Transcription factor RFX4(display_long)|uniprotkb:RFX4(gene name)|uniprotkb:Testis development protein NYD-SP10(gene name synonym)|uniprotkb:Regulatory factor X 4(gene name synonym)	psi-mi:"MI:0231"(mammalian protein protein interaction trap)	Simonis N. et al.(2012)	intact:EBI-9675518|pubmed:22458338|imex:IM-22977	taxid:11927(htl1c)|taxid:11927("Human T-cell leukemia virus 1 (isolate Caribbea HS-35 subtype A)")	taxid:9606(human)|taxid:9606(Homo sapiens)	psi-mi:"MI:0915"(physical association)	psi-mi:"MI:0471"(MINT, Dpt of Biology, University of Rome Tor Vergata)	intact:EBI-9677446|imex:IM-22977-357	intact-miscore:0.56
uniprotkb:P14079	uniprotkb:Q9GZT8	uniprotkb:O56231|intact:EBI-9675698|uniprotkb:P14079	uniprotkb:Q9H2D2|uniprotkb:Q9HC18|uniprotkb:Q6X735|uniprotkb:Q53TX4|ensembl:ENSP00000386394.1|ensembl:ENSP00000387315.1|ensembl:ENSP00000498853.1|intact:EBI-740897|uniprotkb:Q9GZT8	psi-mi:tax_htl1c(display_short)|psi-mi:Protein Tax-1(display_long)|uniprotkb:Protein X-LOR(gene name synonym)|uniprotkb:Trans-activating transcriptional regulatory protein of HTLV-1(gene name synonym)|uniprotkb:tax(gene name)	psi-mi:nif3l_human(display_short)|psi-mi:NIF3-like protein 1(display_long)|uniprotkb:NIF3L1(gene name)|uniprotkb:ALS2CR1(gene name synonym)|uniprotkb:My018(orf name)|uniprotkb:MDS015(orf name)|uniprotkb:Amyotrophic lateral sclerosis 2 chromosomal region candidate gene 1 protein(gene name synonym)	psi-mi:"MI:0231"(mammalian protein protein interaction trap)	Simonis N. et al.(2012)	intact:EBI-9675518|pubmed:22458338|imex:IM-22977	taxid:11927(htl1c)|taxid:11927("Human T-cell leukemia virus 1 (isolate Caribbea HS-35 subtype A)")	taxid:9606(human)|taxid:9606(Homo sapiens)	psi-mi:"MI:0915"(physical association)	psi-mi:"MI:0471"(MINT, Dpt of Biology, University of Rome Tor Vergata)	intact:EBI-9677451|imex:IM-22977-358	intact-miscore:0.56
uniprotkb:P82932	uniprotkb:P14079	uniprotkb:Q96Q64|uniprotkb:Q9BSK8|uniprotkb:Q9BW89|uniprotkb:B2R573|ensembl:ENSP00000382250.2|intact:EBI-716172|uniprotkb:P82932	uniprotkb:O56231|intact:EBI-9675698|uniprotkb:P14079	psi-mi:rt06_human(display_short)|psi-mi:Small ribosomal subunit protein bS6m(display_long)|uniprotkb:MRPS6(gene name)|uniprotkb:28S ribosomal protein S6, mitochondrial(gene name synonym)|uniprotkb:RPMS6(gene name synonym)|uniprotkb:C21orf101(gene name synonym)	psi-mi:tax_htl1c(display_short)|psi-mi:Protein Tax-1(display_long)|uniprotkb:Protein X-LOR(gene name synonym)|uniprotkb:Trans-activating transcriptional regulatory protein of HTLV-1(gene name synonym)|uniprotkb:tax(gene name)	psi-mi:"MI:0231"(mammalian protein protein interaction trap)	Simonis N. et al.(2012)	intact:EBI-9675518|pubmed:22458338|imex:IM-22977	taxid:9606(human)|taxid:9606(Homo sapiens)	taxid:11927(htl1c)|taxid:11927("Human T-cell leukemia virus 1 (isolate Caribbea HS-35 subtype A)")	psi-mi:"MI:0915"(physical association)	psi-mi:"MI:0471"(MINT, Dpt of Biology, University of Rome Tor Vergata)	intact:EBI-9677456|imex:IM-22977-359	intact-miscore:0.56
uniprotkb:P14079	uniprotkb:Q96MT8	uniprotkb:O56231|intact:EBI-9675698|uniprotkb:P14079	uniprotkb:Q96CR0|uniprotkb:Q9H8F5|uniprotkb:Q9H8N0|uniprotkb:D3DND8|uniprotkb:D3DND9|uniprotkb:D3DNE0|ensembl:ENSP00000426129.1|ensembl:ENSP00000475903.1|ensembl:ENSP00000502085.1|ensembl:ENSP00000506896.1|intact:EBI-741977|uniprotkb:Q96MT8	psi-mi:tax_htl1c(display_short)|psi-mi:Protein Tax-1(display_long)|uniprotkb:Protein X-LOR(gene name synonym)|uniprotkb:Trans-activating transcriptional regulatory protein of HTLV-1(gene name synonym)|uniprotkb:tax(gene name)	psi-mi:cep63_human(display_short)|psi-mi:Centrosomal protein of 63 kDa(display_long)|uniprotkb:CEP63(gene name)	psi-mi:"MI:0231"(mammalian protein protein interaction trap)	Simonis N. et al.(2012)	intact:EBI-9675518|pubmed:22458338|imex:IM-22977	taxid:11927(htl1c)|taxid:11927("Human T-cell leukemia virus 1 (isolate Caribbea HS-35 subtype A)")	taxid:9606(human)|taxid:9606(Homo sapiens)	psi-mi:"MI:0915"(physical association)	psi-mi:"MI:0471"(MINT, Dpt of Biology, University of Rome Tor Vergata)	intact:EBI-9677476|imex:IM-22977-363	intact-miscore:0.56
uniprotkb:Q13283	uniprotkb:P03409	intact:EBI-1384154|uniprotkb:Q5HYE9|ensembl:ENSP00000348578.3|ensembl:ENSP00000377681.3|ensembl:ENSP00000430480.2|ensembl:ENSP00000502880.1|ensembl:ENSP00000503039.1|ensembl:ENSP00000503699.1|ensembl:ENSP00000503939.1|ensembl:ENSP00000504140.1|ensembl:ENSP00000504627.1|intact:EBI-1047359|uniprotkb:Q13283	intact:EBI-5236464|uniprotkb:P03409	psi-mi:g3bp1_human(display_short)|psi-mi:Ras GTPase-activating protein-binding protein 1(display_long)|uniprotkb:G3BP1(gene name)|uniprotkb:GAP SH3 domain-binding protein 1(gene name synonym)|uniprotkb:ATP-dependent DNA helicase VIII(gene name synonym)|uniprotkb:G3BP(gene name synonym)	psi-mi:tax_htl1a(display_short)|psi-mi:Protein Tax-1(display_long)|uniprotkb:tax(gene name)|uniprotkb:Trans-activating transcriptional regulatory protein of HTLV-1(gene name synonym)|uniprotkb:Protein X-LOR(gene name synonym)	psi-mi:"MI:0663"(confocal microscopy)	Legros S. et al.(2011)	intact:EBI-5236440|pubmed:21532619|imex:IM-16597	taxid:9606(human)|taxid:9606(Homo sapiens)	taxid:11926(htl1a)|taxid:11926("Human T-cell leukemia virus 1 (strain Japan ATK-1 subtype A)")	psi-mi:"MI:0403"(colocalization)	psi-mi:"MI:1262"(I2D)	intact:EBI-5236497|imex:IM-16597-5	intact-miscore:0.27
uniprotkb:Q13283	uniprotkb:P03409	intact:EBI-1384154|uniprotkb:Q5HYE9|ensembl:ENSP00000348578.3|ensembl:ENSP00000377681.3|ensembl:ENSP00000430480.2|ensembl:ENSP00000502880.1|ensembl:ENSP00000503039.1|ensembl:ENSP00000503699.1|ensembl:ENSP00000503939.1|ensembl:ENSP00000504140.1|ensembl:ENSP00000504627.1|intact:EBI-1047359|uniprotkb:Q13283	intact:EBI-5236464|uniprotkb:P03409	psi-mi:g3bp1_human(display_short)|psi-mi:Ras GTPase-activating protein-binding protein 1(display_long)|uniprotkb:G3BP1(gene name)|uniprotkb:GAP SH3 domain-binding protein 1(gene name synonym)|uniprotkb:ATP-dependent DNA helicase VIII(gene name synonym)|uniprotkb:G3BP(gene name synonym)	psi-mi:tax_htl1a(display_short)|psi-mi:Protein Tax-1(display_long)|uniprotkb:tax(gene name)|uniprotkb:Trans-activating transcriptional regulatory protein of HTLV-1(gene name synonym)|uniprotkb:Protein X-LOR(gene name synonym)	psi-mi:"MI:0663"(confocal microscopy)	Legros S. et al.(2011)	intact:EBI-5236440|pubmed:21532619|imex:IM-16597	taxid:9606(human)|taxid:9606(Homo sapiens)	taxid:11926(htl1a)|taxid:11926("Human T-cell leukemia virus 1 (strain Japan ATK-1 subtype A)")	psi-mi:"MI:0403"(colocalization)	psi-mi:"MI:1262"(I2D)	intact:EBI-5236517|imex:IM-16597-6	intact-miscore:0.27
uniprotkb:Q13283	uniprotkb:P03409	intact:EBI-1384154|uniprotkb:Q5HYE9|ensembl:ENSP00000348578.3|ensembl:ENSP00000377681.3|ensembl:ENSP00000430480.2|ensembl:ENSP00000502880.1|ensembl:ENSP00000503039.1|ensembl:ENSP00000503699.1|ensembl:ENSP00000503939.1|ensembl:ENSP00000504140.1|ensembl:ENSP00000504627.1|intact:EBI-1047359|uniprotkb:Q13283	intact:EBI-5236464|uniprotkb:P03409	psi-mi:g3bp1_human(display_short)|psi-mi:Ras GTPase-activating protein-binding protein 1(display_long)|uniprotkb:G3BP1(gene name)|uniprotkb:GAP SH3 domain-binding protein 1(gene name synonym)|uniprotkb:ATP-dependent DNA helicase VIII(gene name synonym)|uniprotkb:G3BP(gene name synonym)	psi-mi:tax_htl1a(display_short)|psi-mi:Protein Tax-1(display_long)|uniprotkb:tax(gene name)|uniprotkb:Trans-activating transcriptional regulatory protein of HTLV-1(gene name synonym)|uniprotkb:Protein X-LOR(gene name synonym)	psi-mi:"MI:0663"(confocal microscopy)	Legros S. et al.(2011)	intact:EBI-5236440|pubmed:21532619|imex:IM-16597	taxid:9606(human)|taxid:9606(Homo sapiens)	taxid:11926(htl1a)|taxid:11926("Human T-cell leukemia virus 1 (strain Japan ATK-1 subtype A)")	psi-mi:"MI:0403"(colocalization)	psi-mi:"MI:1262"(I2D)	intact:EBI-5282584|imex:IM-16597-3	intact-miscore:0.27
uniprotkb:O14920	uniprotkb:P03409	uniprotkb:O75327|uniprotkb:B4E0U4|uniprotkb:B4DZ30|ensembl:ENSP00000430684.1|intact:EBI-81266|uniprotkb:O14920	intact:EBI-5236464|uniprotkb:P03409	psi-mi:ikkb_human(display_short)|psi-mi:Inhibitor of nuclear factor kappa-B kinase subunit beta(display_long)|uniprotkb:IKBKB(gene name)|uniprotkb:Serine/threonine protein kinase IKBKB(gene name synonym)|uniprotkb:Nuclear factor NF-kappa-B inhibitor kinase beta(gene name synonym)|uniprotkb:I-kappa-B kinase 2(gene name synonym)|uniprotkb:IKKB(gene name synonym)	psi-mi:tax_htl1a(display_short)|psi-mi:Protein Tax-1(display_long)|uniprotkb:tax(gene name)|uniprotkb:Trans-activating transcriptional regulatory protein of HTLV-1(gene name synonym)|uniprotkb:Protein X-LOR(gene name synonym)	psi-mi:"MI:0007"(anti tag coimmunoprecipitation)	Kray AE. et al.(2005)	intact:EBI-7800951|mint:MINT-8209691|mint:MINT-8209688|pubmed:16126728|doi:10.1074/jbc.M506093200	taxid:9606(human)|taxid:9606(Homo sapiens)	taxid:11926(htl1a)|taxid:11926("Human T-cell leukemia virus 1 (strain Japan ATK-1 subtype A)")	psi-mi:"MI:0915"(physical association)	psi-mi:"MI:0471"(MINT, Dpt of Biology, University of Rome Tor Vergata)	intact:EBI-7801249|mint:MINT-8209817	intact-miscore:0.59
uniprotkb:O14920	uniprotkb:P03409	uniprotkb:O75327|uniprotkb:B4E0U4|uniprotkb:B4DZ30|ensembl:ENSP00000430684.1|intact:EBI-81266|uniprotkb:O14920	intact:EBI-5236464|uniprotkb:P03409	psi-mi:ikkb_human(display_short)|psi-mi:Inhibitor of nuclear factor kappa-B kinase subunit beta(display_long)|uniprotkb:IKBKB(gene name)|uniprotkb:Serine/threonine protein kinase IKBKB(gene name synonym)|uniprotkb:Nuclear factor NF-kappa-B inhibitor kinase beta(gene name synonym)|uniprotkb:I-kappa-B kinase 2(gene name synonym)|uniprotkb:IKKB(gene name synonym)	psi-mi:tax_htl1a(display_short)|psi-mi:Protein Tax-1(display_long)|uniprotkb:tax(gene name)|uniprotkb:Trans-activating transcriptional regulatory protein of HTLV-1(gene name synonym)|uniprotkb:Protein X-LOR(gene name synonym)	psi-mi:"MI:0007"(anti tag coimmunoprecipitation)	Van Kanegan MJ. et al.(2005)	intact:EBI-7803652|doi:10.1074/jbc.M506986200|mint:MINT-8205136|mint:MINT-8205130|pubmed:16129692	taxid:9606(human)|taxid:9606(Homo sapiens)	taxid:11926(htl1a)|taxid:11926("Human T-cell leukemia virus 1 (strain Japan ATK-1 subtype A)")	psi-mi:"MI:0915"(physical association)	psi-mi:"MI:0471"(MINT, Dpt of Biology, University of Rome Tor Vergata)	intact:EBI-7803730|mint:MINT-8205328	intact-miscore:0.59
uniprotkb:O14920	uniprotkb:P03409	uniprotkb:O75327|uniprotkb:B4E0U4|uniprotkb:B4DZ30|ensembl:ENSP00000430684.1|intact:EBI-81266|uniprotkb:O14920	intact:EBI-5236464|uniprotkb:P03409	psi-mi:ikkb_human(display_short)|psi-mi:Inhibitor of nuclear factor kappa-B kinase subunit beta(display_long)|uniprotkb:IKBKB(gene name)|uniprotkb:Serine/threonine protein kinase IKBKB(gene name synonym)|uniprotkb:Nuclear factor NF-kappa-B inhibitor kinase beta(gene name synonym)|uniprotkb:I-kappa-B kinase 2(gene name synonym)|uniprotkb:IKKB(gene name synonym)	psi-mi:tax_htl1a(display_short)|psi-mi:Protein Tax-1(display_long)|uniprotkb:tax(gene name)|uniprotkb:Trans-activating transcriptional regulatory protein of HTLV-1(gene name synonym)|uniprotkb:Protein X-LOR(gene name synonym)	psi-mi:"MI:0007"(anti tag coimmunoprecipitation)	Van Kanegan MJ. et al.(2005)	intact:EBI-7803652|doi:10.1074/jbc.M506986200|mint:MINT-8205136|mint:MINT-8205130|pubmed:16129692	taxid:9606(human)|taxid:9606(Homo sapiens)	taxid:11926(htl1a)|taxid:11926("Human T-cell leukemia virus 1 (strain Japan ATK-1 subtype A)")	psi-mi:"MI:0915"(physical association)	psi-mi:"MI:0471"(MINT, Dpt of Biology, University of Rome Tor Vergata)	intact:EBI-7803738|mint:MINT-8205477	intact-miscore:0.59
uniprotkb:P14079	uniprotkb:Q8IZQ1	uniprotkb:O56231|intact:EBI-9675698|uniprotkb:P14079	uniprotkb:Q4W5K5|uniprotkb:Q6P0Q5|uniprotkb:Q8N1T2|uniprotkb:Q8NAV6|uniprotkb:Q96BS7|uniprotkb:Q96D33|uniprotkb:Q96N85|uniprotkb:Q9Y2J7|ensembl:ENSP00000295888.4|intact:EBI-1569256|uniprotkb:Q8IZQ1	psi-mi:tax_htl1c(display_short)|psi-mi:Protein Tax-1(display_long)|uniprotkb:Protein X-LOR(gene name synonym)|uniprotkb:Trans-activating transcriptional regulatory protein of HTLV-1(gene name synonym)|uniprotkb:tax(gene name)	psi-mi:wdfy3_human(display_short)|psi-mi:WD repeat and FYVE domain-containing protein 3(display_long)|uniprotkb:WDFY3(gene name)|uniprotkb:KIAA0993(gene name synonym)|uniprotkb:Autophagy-linked FYVE protein(gene name synonym)	psi-mi:"MI:0231"(mammalian protein protein interaction trap)	Simonis N. et al.(2012)	intact:EBI-9675518|pubmed:22458338|imex:IM-22977	taxid:11927(htl1c)|taxid:11927("Human T-cell leukemia virus 1 (isolate Caribbea HS-35 subtype A)")	taxid:9606(human)|taxid:9606(Homo sapiens)	psi-mi:"MI:0915"(physical association)	psi-mi:"MI:0471"(MINT, Dpt of Biology, University of Rome Tor Vergata)	intact:EBI-9677406|imex:IM-22977-349	intact-miscore:0.56
uniprotkb:P03409	uniprotkb:Q13283	intact:EBI-5236464|uniprotkb:P03409	intact:EBI-1384154|uniprotkb:Q5HYE9|ensembl:ENSP00000348578.3|ensembl:ENSP00000377681.3|ensembl:ENSP00000430480.2|ensembl:ENSP00000502880.1|ensembl:ENSP00000503039.1|ensembl:ENSP00000503699.1|ensembl:ENSP00000503939.1|ensembl:ENSP00000504140.1|ensembl:ENSP00000504627.1|intact:EBI-1047359|uniprotkb:Q13283	psi-mi:tax_htl1a(display_short)|psi-mi:Protein Tax-1(display_long)|uniprotkb:tax(gene name)|uniprotkb:Trans-activating transcriptional regulatory protein of HTLV-1(gene name synonym)|uniprotkb:Protein X-LOR(gene name synonym)	psi-mi:g3bp1_human(display_short)|psi-mi:Ras GTPase-activating protein-binding protein 1(display_long)|uniprotkb:G3BP1(gene name)|uniprotkb:GAP SH3 domain-binding protein 1(gene name synonym)|uniprotkb:ATP-dependent DNA helicase VIII(gene name synonym)|uniprotkb:G3BP(gene name synonym)	psi-mi:"MI:0663"(confocal microscopy)	Legros S. et al.(2011)	intact:EBI-5236440|pubmed:21532619|imex:IM-16597	taxid:11926(htl1a)|taxid:11926("Human T-cell leukemia virus 1 (strain Japan ATK-1 subtype A)")	taxid:9606(human)|taxid:9606(Homo sapiens)	psi-mi:"MI:0403"(colocalization)	psi-mi:"MI:1262"(I2D)	intact:EBI-5236482|imex:IM-16597-2	intact-miscore:0.27
uniprotkb:P14079	uniprotkb:Q9NP87	uniprotkb:O56231|intact:EBI-9675698|uniprotkb:P14079	uniprotkb:Q86WQ9|uniprotkb:D3DVK4|uniprotkb:Q6P5X8|ensembl:ENSP00000242248.5|intact:EBI-9675790|uniprotkb:Q9NP87	psi-mi:tax_htl1c(display_short)|psi-mi:Protein Tax-1(display_long)|uniprotkb:Protein X-LOR(gene name synonym)|uniprotkb:Trans-activating transcriptional regulatory protein of HTLV-1(gene name synonym)|uniprotkb:tax(gene name)	psi-mi:dpolm_human(display_short)|psi-mi:DNA-directed DNA/RNA polymerase mu(display_long)|uniprotkb:POLM(gene name)|uniprotkb:polmu(gene name synonym)|uniprotkb:Terminal transferase(gene name synonym)	psi-mi:"MI:0231"(mammalian protein protein interaction trap)	Simonis N. et al.(2012)	intact:EBI-9675518|pubmed:22458338|imex:IM-22977	taxid:11927(htl1c)|taxid:11927("Human T-cell leukemia virus 1 (isolate Caribbea HS-35 subtype A)")	taxid:9606(human)|taxid:9606(Homo sapiens)	psi-mi:"MI:0915"(physical association)	psi-mi:"MI:0471"(MINT, Dpt of Biology, University of Rome Tor Vergata)	intact:EBI-9677416|imex:IM-22977-351	intact-miscore:0.56
uniprotkb:P29474	uniprotkb:P14079	uniprotkb:A0S0A7|uniprotkb:E9PFR2|uniprotkb:Q13662|uniprotkb:Q14251|uniprotkb:Q14434|uniprotkb:Q6GSL5|uniprotkb:A8KA63|uniprotkb:B2RCQ1|uniprotkb:Q548C1|uniprotkb:Q9UDC6|uniprotkb:A0S0A8|ensembl:ENSP00000297494.3|intact:EBI-1391623|uniprotkb:P29474	uniprotkb:O56231|intact:EBI-9675698|uniprotkb:P14079	psi-mi:nos3_human(display_short)|psi-mi:Nitric oxide synthase 3(display_long)|uniprotkb:NOS3(gene name)|uniprotkb:Nitric oxide synthase, endothelial(gene name synonym)|uniprotkb:Constitutive NOS(gene name synonym)|uniprotkb:NOS type III(gene name synonym)|uniprotkb:EC-NOS(gene name synonym)	psi-mi:tax_htl1c(display_short)|psi-mi:Protein Tax-1(display_long)|uniprotkb:Protein X-LOR(gene name synonym)|uniprotkb:Trans-activating transcriptional regulatory protein of HTLV-1(gene name synonym)|uniprotkb:tax(gene name)	psi-mi:"MI:0231"(mammalian protein protein interaction trap)	Simonis N. et al.(2012)	intact:EBI-9675518|pubmed:22458338|imex:IM-22977	taxid:9606(human)|taxid:9606(Homo sapiens)	taxid:11927(htl1c)|taxid:11927("Human T-cell leukemia virus 1 (isolate Caribbea HS-35 subtype A)")	psi-mi:"MI:0915"(physical association)	psi-mi:"MI:0471"(MINT, Dpt of Biology, University of Rome Tor Vergata)	intact:EBI-9677436|imex:IM-22977-355	intact-miscore:0.56
uniprotkb:Q9UBN7	uniprotkb:P03409	uniprotkb:O94975|uniprotkb:Q96CY0|ensembl:ENSP00000334061.5|ensembl:ENSP00000365795.3|ensembl:ENSP00000365804.2|ensembl:ENSP00000365831.3|ensembl:ENSP00000392815.2|ensembl:ENSP00000394377.2|ensembl:ENSP00000402751.2|ensembl:ENSP00000496013.1|ensembl:ENSP00000496046.1|uniprotkb:Q6NT75|uniprotkb:Q7L3E5|intact:EBI-301697|uniprotkb:Q9UBN7	intact:EBI-5236464|uniprotkb:P03409	psi-mi:hdac6_human(display_short)|psi-mi:Protein deacetylase HDAC6(display_long)|uniprotkb:Hdac6(gene name)|uniprotkb:E3 ubiquitin-protein ligase HDAC6(gene name synonym)|uniprotkb:Tubulin-lysine deacetylase HDAC6(gene name synonym)|uniprotkb:JM21(orf name)|uniprotkb:KIAA0901(gene name synonym)	psi-mi:tax_htl1a(display_short)|psi-mi:Protein Tax-1(display_long)|uniprotkb:tax(gene name)|uniprotkb:Trans-activating transcriptional regulatory protein of HTLV-1(gene name synonym)|uniprotkb:Protein X-LOR(gene name synonym)	psi-mi:"MI:0007"(anti tag coimmunoprecipitation)	Legros S. et al.(2011)	intact:EBI-5236440|pubmed:21532619|imex:IM-16597	taxid:9606(human)|taxid:9606(Homo sapiens)	taxid:11926(htl1a)|taxid:11926("Human T-cell leukemia virus 1 (strain Japan ATK-1 subtype A)")	psi-mi:"MI:0915"(physical association)	psi-mi:"MI:1262"(I2D)	intact:EBI-5236531|imex:IM-16597-7	intact-miscore:0.46
uniprotkb:P03409	uniprotkb:Q9UBN7	intact:EBI-5236464|uniprotkb:P03409	uniprotkb:O94975|uniprotkb:Q96CY0|ensembl:ENSP00000334061.5|ensembl:ENSP00000365795.3|ensembl:ENSP00000365804.2|ensembl:ENSP00000365831.3|ensembl:ENSP00000392815.2|ensembl:ENSP00000394377.2|ensembl:ENSP00000402751.2|ensembl:ENSP00000496013.1|ensembl:ENSP00000496046.1|uniprotkb:Q6NT75|uniprotkb:Q7L3E5|intact:EBI-301697|uniprotkb:Q9UBN7	psi-mi:tax_htl1a(display_short)|psi-mi:Protein Tax-1(display_long)|uniprotkb:tax(gene name)|uniprotkb:Trans-activating transcriptional regulatory protein of HTLV-1(gene name synonym)|uniprotkb:Protein X-LOR(gene name synonym)	psi-mi:hdac6_human(display_short)|psi-mi:Protein deacetylase HDAC6(display_long)|uniprotkb:Hdac6(gene name)|uniprotkb:E3 ubiquitin-protein ligase HDAC6(gene name synonym)|uniprotkb:Tubulin-lysine deacetylase HDAC6(gene name synonym)|uniprotkb:JM21(orf name)|uniprotkb:KIAA0901(gene name synonym)	psi-mi:"MI:0007"(anti tag coimmunoprecipitation)	Legros S. et al.(2011)	intact:EBI-5236440|pubmed:21532619|imex:IM-16597	taxid:11926(htl1a)|taxid:11926("Human T-cell leukemia virus 1 (strain Japan ATK-1 subtype A)")	taxid:9606(human)|taxid:9606(Homo sapiens)	psi-mi:"MI:0915"(physical association)	psi-mi:"MI:1262"(I2D)	intact:EBI-5236537|imex:IM-16597-8	intact-miscore:0.46
uniprotkb:Q9UBN7	uniprotkb:P03409	uniprotkb:O94975|uniprotkb:Q96CY0|ensembl:ENSP00000334061.5|ensembl:ENSP00000365795.3|ensembl:ENSP00000365804.2|ensembl:ENSP00000365831.3|ensembl:ENSP00000392815.2|ensembl:ENSP00000394377.2|ensembl:ENSP00000402751.2|ensembl:ENSP00000496013.1|ensembl:ENSP00000496046.1|uniprotkb:Q6NT75|uniprotkb:Q7L3E5|intact:EBI-301697|uniprotkb:Q9UBN7	intact:EBI-5236464|uniprotkb:P03409	psi-mi:hdac6_human(display_short)|psi-mi:Protein deacetylase HDAC6(display_long)|uniprotkb:Hdac6(gene name)|uniprotkb:E3 ubiquitin-protein ligase HDAC6(gene name synonym)|uniprotkb:Tubulin-lysine deacetylase HDAC6(gene name synonym)|uniprotkb:JM21(orf name)|uniprotkb:KIAA0901(gene name synonym)	psi-mi:tax_htl1a(display_short)|psi-mi:Protein Tax-1(display_long)|uniprotkb:tax(gene name)|uniprotkb:Trans-activating transcriptional regulatory protein of HTLV-1(gene name synonym)|uniprotkb:Protein X-LOR(gene name synonym)	psi-mi:"MI:0663"(confocal microscopy)	Legros S. et al.(2011)	intact:EBI-5236440|pubmed:21532619|imex:IM-16597	taxid:9606(human)|taxid:9606(Homo sapiens)	taxid:11926(htl1a)|taxid:11926("Human T-cell leukemia virus 1 (strain Japan ATK-1 subtype A)")	psi-mi:"MI:0403"(colocalization)	psi-mi:"MI:1262"(I2D)	intact:EBI-5282590|imex:IM-16597-4	intact-miscore:0.46
uniprotkb:P03409	uniprotkb:Q9UBN7	intact:EBI-5236464|uniprotkb:P03409	uniprotkb:O94975|uniprotkb:Q96CY0|ensembl:ENSP00000334061.5|ensembl:ENSP00000365795.3|ensembl:ENSP00000365804.2|ensembl:ENSP00000365831.3|ensembl:ENSP00000392815.2|ensembl:ENSP00000394377.2|ensembl:ENSP00000402751.2|ensembl:ENSP00000496013.1|ensembl:ENSP00000496046.1|uniprotkb:Q6NT75|uniprotkb:Q7L3E5|intact:EBI-301697|uniprotkb:Q9UBN7	psi-mi:tax_htl1a(display_short)|psi-mi:Protein Tax-1(display_long)|uniprotkb:tax(gene name)|uniprotkb:Trans-activating transcriptional regulatory protein of HTLV-1(gene name synonym)|uniprotkb:Protein X-LOR(gene name synonym)	psi-mi:hdac6_human(display_short)|psi-mi:Protein deacetylase HDAC6(display_long)|uniprotkb:Hdac6(gene name)|uniprotkb:E3 ubiquitin-protein ligase HDAC6(gene name synonym)|uniprotkb:Tubulin-lysine deacetylase HDAC6(gene name synonym)|uniprotkb:JM21(orf name)|uniprotkb:KIAA0901(gene name synonym)	psi-mi:"MI:0007"(anti tag coimmunoprecipitation)	Legros S. et al.(2011)	intact:EBI-5236440|pubmed:21532619|imex:IM-16597	taxid:11926(htl1a)|taxid:11926("Human T-cell leukemia virus 1 (strain Japan ATK-1 subtype A)")	taxid:9606(human)|taxid:9606(Homo sapiens)	psi-mi:"MI:0915"(physical association)	psi-mi:"MI:1262"(I2D)	intact:EBI-5282606|imex:IM-16597-9	intact-miscore:0.46
uniprotkb:P05787	uniprotkb:P14079	uniprotkb:Q14099|uniprotkb:Q14716|uniprotkb:Q14717|uniprotkb:Q53GJ0|uniprotkb:Q6DHW5|uniprotkb:Q6GMY0|uniprotkb:Q6P4C7|uniprotkb:Q96J60|uniprotkb:A8K4H3|uniprotkb:B0AZN5|uniprotkb:F8VXB4|ensembl:ENSP00000293308.6|ensembl:ENSP00000447402.1|ensembl:ENSP00000447566.1|ensembl:ENSP00000509398.1|intact:EBI-297852|uniprotkb:P05787	uniprotkb:O56231|intact:EBI-9675698|uniprotkb:P14079	psi-mi:k2c8_human(display_short)|psi-mi:Keratin, type II cytoskeletal 8(display_long)|uniprotkb:Krt8(gene name)|uniprotkb:Type-II keratin Kb8(gene name synonym)|uniprotkb:Cytokeratin-8(gene name synonym)|uniprotkb:CYK8(gene name synonym)|uniprotkb:Keratin-8(gene name synonym)	psi-mi:tax_htl1c(display_short)|psi-mi:Protein Tax-1(display_long)|uniprotkb:Protein X-LOR(gene name synonym)|uniprotkb:Trans-activating transcriptional regulatory protein of HTLV-1(gene name synonym)|uniprotkb:tax(gene name)	psi-mi:"MI:0231"(mammalian protein protein interaction trap)	Simonis N. et al.(2012)	intact:EBI-9675518|pubmed:22458338|imex:IM-22977	taxid:9606(human)|taxid:9606(Homo sapiens)	taxid:11927(htl1c)|taxid:11927("Human T-cell leukemia virus 1 (isolate Caribbea HS-35 subtype A)")	psi-mi:"MI:0915"(physical association)	psi-mi:"MI:0471"(MINT, Dpt of Biology, University of Rome Tor Vergata)	intact:EBI-9677426|imex:IM-22977-353	intact-miscore:0.56